{"train_loss": [0.9150729192726648, 0.8267513184405085, 0.7930890797679104, 0.7538894221409044, 0.7371799027297035, 0.703597857213732, 0.692730318032094, 0.6700645734125109, 0.649917338321458, 0.634601390406267, 0.6276227415942434, 0.6140389453564117, 0.6065260658958065, 0.59337415223691, 0.5908520670969095, 0.5820636980569185, 0.575670633520653, 0.5759357169492921, 0.5479003306645066, 0.5503182030880629, 0.5386262149063509, 0.5322120763472656, 0.5265418638044329, 0.5227262224279233, 0.5223765891434541, 0.5142944798763118, 0.5073515700537767, 0.5033078676284249, 0.4979165203090924, 0.4908423266971289], "train_accuracy": [57.223001402524545, 63.06685366993922, 63.955119214586254, 67.41467975689575, 68.630201028518, 70.45348293595139, 70.54698457223002, 71.99625993454886, 73.30528284244974, 75.17531556802244, 74.33380084151473, 74.56755493221131, 75.26881720430107, 77.2323515661524, 76.53108929406265, 76.48433847592332, 76.90509583917718, 75.73632538569424, 79.28938756428238, 78.44787283777467, 79.99064983637214, 80.03740065451146, 80.55165965404395, 78.91538101916784, 79.47639083683964, 80.1776531089294, 80.45815801776531, 81.06591865357643, 81.2061711079944, 80.69191210846189], "val_loss": [0.8251405025229734, 0.8063765992136562, 0.837711916250341, 0.7598604647552266, 0.7306842304327908, 0.7559884129201665, 0.7096749456489787, 0.7006893552401486, 0.704819043769556, 0.6841455312336192, 0.6694198154351291, 0.6702345898922752, 0.6588140831274145, 0.7091736881171956, 0.6483050996766371, 0.6970925480127335, 0.6458248285686269, 0.6467613297350266, 0.6785838709158056, 0.6489432760897804, 0.6422618820386774, 0.6289800607106265, 0.6181850433349609, 0.6166212313315448, 0.6375395445262685, 0.6603912027443156, 0.6133388789261088, 0.6138572929536595, 0.6754172190147287, 0.6151160396197263], "val_accuracy": [64.29906542056075, 65.79439252336448, 60.373831775700936, 65.98130841121495, 69.1588785046729, 65.04672897196262, 69.90654205607477, 68.97196261682242, 71.40186915887851, 71.58878504672897, 71.77570093457943, 71.40186915887851, 71.02803738317758, 68.41121495327103, 72.33644859813084, 69.1588785046729, 71.58878504672897, 71.58878504672897, 70.46728971962617, 70.46728971962617, 72.33644859813084, 73.83177570093459, 73.08411214953271, 72.71028037383178, 72.14953271028037, 70.2803738317757, 73.64485981308411, 73.08411214953271, 71.21495327102804, 73.08411214953271], "average_precision": [[0.76715715429854, 0.6801424209295167, 0.551066175472196], [0.7997425080552752, 0.6977924760087933, 0.5836261358466691], [0.8153619920449214, 0.703680768738428, 0.6120288495629256], [0.8304532986350276, 0.7107422358682871, 0.6123140246819363], [0.8443046657158705, 0.7201114640022462, 0.6226569562424488], [0.8513292240654773, 0.7283039742753398, 0.6177304112863655], [0.8593722572765143, 0.7339171564873717, 0.6390343120200339], [0.8611291621316384, 0.7411916625131183, 0.6359584692952696], [0.8699652689892908, 0.7454310968517516, 0.6436603783636347], [0.8760067590408874, 0.7466515158958361, 0.6484643191186374], [0.876304649855068, 0.7530986698326498, 0.6515743898184616], [0.8813012229629195, 0.7553946722175917, 0.6455833728064564], [0.8810679703332588, 0.7582817005411148, 0.6473578045217419], [0.8826559223836026, 0.7622563301486438, 0.6462542107695355], [0.8867768947752279, 0.7653723359402133, 0.6535695547860411], [0.8880158910245591, 0.7703240844485597, 0.6543141551696369], [0.8916734717927542, 0.7717237759581506, 0.6626483644700343], [0.8916710200892565, 0.7721953156310859, 0.6600655738317107], [0.895685094348553, 0.7760917020300839, 0.6581617532063179], [0.8959028314991815, 0.7782783631354535, 0.6648733042082948], [0.8974243187572857, 0.780418801427872, 0.6668102418889876], [0.896852469676068, 0.7802183297730019, 0.6662880515787386], [0.900262031677272, 0.7816556973601925, 0.6719455863710189], [0.8995055560352521, 0.7847379012588256, 0.668455937534111], [0.8985349617521109, 0.7854705403531859, 0.6708820966652616], [0.8989774045922533, 0.7881031801056334, 0.6681179509310963], [0.9012580020149723, 0.7869603374129909, 0.6734734138129539], [0.9020288472005664, 0.7863575387104165, 0.6755931524743313], [0.901468539766051, 0.7849194980360208, 0.6755176318703271], [0.9006235905892936, 0.7880287750754529, 0.6696381343810291]], "mean_average_precision": [66.61219169000843, 69.37203733035791, 71.03572034487584, 71.78365197284168, 72.90243619868552, 73.24545365423943, 74.410790859464, 74.60930979800088, 75.30189147348923, 75.70408646851203, 76.03259031687264, 76.0759755995656, 76.22358251320384, 76.37221544339273, 76.8572928500494, 77.08847102142519, 77.53485374069798, 77.46439698506845, 77.66461831949849, 77.96848329476433, 78.15511206913817, 78.11196170092694, 78.46211051361611, 78.42331316093963, 78.49625329235194, 78.50661785429944, 78.7230584413639, 78.79931794617714, 78.73018898907995, 78.6096833348592]}